{"cameraMode":{"drawMode":0,"name":"Shaded","section":"Shading Mode"},"sceneLighting":false,"audioPlay":false,"sceneViewState":{"m_AlwaysRefresh":false,"showFog":true,"showSkybox":false,"showFlares":true,"showImageEffects":true,"showParticleSystems":true,"showVisualEffectGraphs":true,"m_FxEnabled":true},"in2DMode":false,"pivot":{"x":7.099999904632568,"y":23.761869430541993,"z":-3.190000057220459},"rotation":{"x":-0.05653664842247963,"y":0.16013744473457337,"z":-0.009187646210193634,"w":-0.9854321479797363},"size":0.8660253882408142,"orthographic":false}