{"cameraMode":{"drawMode":0,"name":"Shaded","section":"Shading Mode"},"sceneLighting":false,"audioPlay":false,"sceneViewState":{"m_AlwaysRefresh":false,"showFog":true,"showSkybox":false,"showFlares":true,"showImageEffects":true,"showParticleSystems":true,"showVisualEffectGraphs":true,"m_FxEnabled":true},"in2DMode":false,"pivot":{"x":1.1589359045028687,"y":-0.44199568033218386,"z":-0.04030895233154297},"rotation":{"x":-0.08842965215444565,"y":0.07671688497066498,"z":-0.006831353064626455,"w":-0.9931016564369202},"size":3.5462470054626467,"orthographic":false}